,shape,type_of_organization,type_of_structure,type_of_event,kind_of_object,date_of_destruction,date_of_origin,category_txt,page_name,weblink1,street,OBJECTTYPE
71,POINT (16.345987015649527 48.201070040884055),,,,Grätzel,,,TopografischeObjekte,Brillantengrund,https://www.geschichtewiki.wien.gv.at/?curid=7537,Bandgasse 6,Grätzel
128,POINT (16.345714016431135 48.2005820408563),,,,Grünfläche,,2007.0,topografische_objekte,Dorothea-Neff-Park,https://www.geschichtewiki.wien.gv.at/?curid=33253,Bandgasse 5/1,Grünfläche
284,POINT (16.34123401600317 48.1961360407935),,Sakralbau,,,1892.0,,Bauwerke,"Johannes-Nepomuk-Kapelle (6, Mariahilfer Straße)",https://www.geschichtewiki.wien.gv.at/?curid=19641,Mariahilfer Straße 124,Kapelle
323,POINT (16.352570150538384 48.20476086708961),,Sakralbau,,,,1750.0,Bauwerke,"Johannes-Nepomuk-Statue (7, Ulrichsplatz)",https://www.geschichtewiki.wien.gv.at/?curid=19686,St.-Ulrichs-Platz 3(PFARRE),Sakrale_Freiplastik
474,POINT (16.348221551258803 48.199278499796634),,,,Verkehrsfläche,,1862.0,topografische_objekte,Richtergasse,https://www.geschichtewiki.wien.gv.at/?curid=26716,Richtergasse 8,Verkehrsfläche
728,POINT (16.35302526327066 48.204289915815366),Sonstiges,,,,,1713.0,organisationen,Zum St. Ulrich (Apotheke),https://www.geschichtewiki.wien.gv.at/?curid=21409,Burggasse 22,Apotheke
729,POINT (16.35432653570176 48.202555822982),Sonstiges,,,,,1783.0,organisationen,"Zum goldenen Elefanten (7, Apotheke)",https://www.geschichtewiki.wien.gv.at/?curid=12421,Siebensterngasse 20,Apotheke
734,POINT (16.3494000247669 48.20136633307758),Institution,,,,1975.0,1749.0,Organisationen,Löwinger-Bühne,https://www.geschichtewiki.wien.gv.at/?curid=20037,Neubaugasse 36/1,Theater
739,POINT (16.34704276366354 48.20284965444422),Behörde,,,,,,organisationen,Magistratsabteilung 3 - Bedienstetenschutz und berufliche Gesundheitsförderung,https://www.geschichtewiki.wien.gv.at/?curid=44676,Hermanngasse 24-26,Behörde
754,POINT (16.354299614872517 48.2055570467795),Institution,,,,,1701.0,Organisationen,Mechitaristen,https://www.geschichtewiki.wien.gv.at/?curid=28994,Mechitaristengasse 2,Institution
766,POINT (16.354198717006067 48.20595438330766),Verein,,,,,1811.0,Organisationen,Museum der Mechitaristen-Kongregation,https://www.geschichtewiki.wien.gv.at/?curid=14661,Mechitaristengasse 4,Museum
771,POINT (16.357796015446738 48.203739040605114),Institution,,,,,1962.0,organisationen,Museum moderner Kunst,https://www.geschichtewiki.wien.gv.at/?curid=14827,Museumsplatz 1(HOF E8/3),Museum
822,POINT (16.354192185866353 48.2042151845777),Anstalt,,,,2007.0,1924.0,organisationen,Pädagogische Zentralbücherei,https://www.geschichtewiki.wien.gv.at/?curid=1835,Burggasse 14-16,Anstalt
823,POINT (16.354192185866353 48.2042151845777),Institution,,,,2007.0,1923.0,organisationen,Pädagogisches Institut der Stadt Wien,https://www.geschichtewiki.wien.gv.at/?curid=1830,Burggasse 14-16,Institution
829,POINT (16.35132431376619 48.2023526522141),Institution,,,,1945.0,1938.0,organisationen,"Reichsfilmkammer, Außenstelle Wien",https://www.geschichtewiki.wien.gv.at/?curid=47059,Siebensterngasse 42-44,Institution
833,POINT (16.34535044600706 48.20026298980716),Anstalt,,,,1955.0,1945.0,Organisationen,Rot-Weiß-Rot-Sendergruppe,https://www.geschichtewiki.wien.gv.at/?curid=29245,Seidengasse 13,Anstalt
882,POINT (16.359121743337287 48.20353747424892),Institution,,,,,2001.0,Organisationen,Tanzquartier Wien,https://www.geschichtewiki.wien.gv.at/?curid=49617,Museumsplatz 1(HOF E1/5),Institution
963,POINT (16.35050506561561 48.20565632670135),Verein,,,,1932.0,1903.0,organisationen,Wiener Werkstätte,https://www.geschichtewiki.wien.gv.at/?curid=10549,Neustiftgasse 32 Obj. 3,Verein
1388,POINT (16.337908916519563 48.201372649993075),,,,Verkehrsfläche,,,topografische_objekte,Urban-Loritz-Platz,https://www.geschichtewiki.wien.gv.at/?curid=2318,Urban-Loritz-Platz WC-ANLAGE,Verkehrsfläche
1583,POINT (16.35167565901823 48.20489094091477),,,,Verkehrsfläche,,1900.0,topografische_objekte,Zeismannsbrunngasse,https://www.geschichtewiki.wien.gv.at/?curid=7496,Kirchengasse 48,Verkehrsfläche
1610,POINT (16.345017905974263 48.20222040528587),,,,Verkehrsfläche,,1750.0,topografische_objekte,Zieglergasse,https://www.geschichtewiki.wien.gv.at/?curid=7977,Zieglergasse 42,Verkehrsfläche
1631,POINT (16.354625418044538 48.205013115188514),,,,Verkehrsfläche,,1898.0,topografische_objekte,Zitterhofergasse,https://www.geschichtewiki.wien.gv.at/?curid=8312,Zitterhofergasse 8,Verkehrsfläche
1635,POINT (16.35087002828909 48.200543273358576),,,,Verkehrsfläche,,,TopografischeObjekte,Zollamtsstraße,https://www.geschichtewiki.wien.gv.at/?curid=8481,Zollergasse 14,Verkehrsfläche
1636,POINT (16.35065967437915 48.200287740352834),,,,Verkehrsfläche,,1862.0,topografische_objekte,Zollergasse,https://www.geschichtewiki.wien.gv.at/?curid=8486,Lindengasse 30,Verkehrsfläche
1709,POINT (16.343230015369418 48.207632040907036),,,,Vorstadt,1850.0,,topografische_objekte,Altlerchenfeld (Vorstadt),https://www.geschichtewiki.wien.gv.at/?curid=21382,Schottenfeldgasse/LERCHENFELDER STR.(STAND),Vorstadt
1719,POINT (16.356577015687677 48.20155704071958),,,,Sonstiges Topografisches Objekt,,,topografische_objekte,Am Pühel,https://www.geschichtewiki.wien.gv.at/?curid=22425,Mariahilfer Straße 22-24/2,Sonstiges Topografisches Obj
1733,POINT (16.347498015225714 48.198755040560314),,,,Grünfläche,,1997.0,topografische_objekte,Andreaspark,https://www.geschichtewiki.wien.gv.at/?curid=29981,Andreaspark WC-ANLAGE,Grünfläche
1907,POINT (16.34361279340748 48.2018364269491),,,,Verkehrsfläche,,1862.0,TopografischeObjekte,Westbahnstraße,https://www.geschichtewiki.wien.gv.at/?curid=8112,Westbahnstraße 32-34,Verkehrsfläche
1987,POINT (16.338496429044685 48.20445148730128),,,,Verkehrsfläche,,1890.0,topografische_objekte,Wimbergergasse,https://www.geschichtewiki.wien.gv.at/?curid=11504,Wimbergergasse 20,Verkehrsfläche
2021,POINT (16.351523540077157 48.20555287080875),,,,Verkehrsfläche,,1910.0,TopografischeObjekte,Kellermanngasse,https://www.geschichtewiki.wien.gv.at/?curid=3419,Neustiftgasse 30,Verkehrsfläche
2030,POINT (16.339343617695995 48.199983062929135),,,,Verkehrsfläche,,1892.0,TopografischeObjekte,Kenyongasse,https://www.geschichtewiki.wien.gv.at/?curid=3627,Seidengasse 41,Verkehrsfläche
2223,POINT (16.35591877685227 48.203660381618924),,,,Verkehrsfläche,,1862.0,topografische_objekte,Kirchberggasse,https://www.geschichtewiki.wien.gv.at/?curid=6189,Kirchberggasse 17,Verkehrsfläche
2225,POINT (16.35191701545684 48.20175404055528),,,,Verkehrsfläche,,1862.0,topografische_objekte,"Kirchengasse, 7. Bezirk",https://www.geschichtewiki.wien.gv.at/?curid=6444,Kirchengasse 28,Verkehrsfläche
2559,POINT (16.340436735142585 48.202211331333),,,,Verkehrsfläche,,,topografische_objekte,Kaiserstraße,https://www.geschichtewiki.wien.gv.at/?curid=24672,Kaiserstraße 52,Verkehrsfläche
2598,POINT (16.34693036577275 48.20221369628662),,,,Verkehrsfläche,,1824.0,topografische_objekte,Hermanngasse,https://www.geschichtewiki.wien.gv.at/?curid=11503,Hermanngasse 17,Verkehrsfläche
2632,POINT (16.341951914300115 48.20280751209168),,,,Verkehrsfläche,,,topografische_objekte,Kandlgasse,https://www.geschichtewiki.wien.gv.at/?curid=24034,Kandlgasse 24,Verkehrsfläche
2785,POINT (16.341544124790044 48.2041725906125),,,,Verkehrsfläche,,,topografische_objekte,Halbgasse,https://www.geschichtewiki.wien.gv.at/?curid=2271,Halbgasse 16,Verkehrsfläche
2876,POINT (16.347029656271648 48.19996338983133),,,,Verkehrsfläche,,2009.0,TopografischeObjekte,Jenny-Steiner-Weg,https://www.geschichtewiki.wien.gv.at/?curid=33374,Lindengasse 48,Verkehrsfläche
2895,POINT (16.35798931405876 48.2018339855155),,,,Verkehrsfläche,,1905.0,topografische_objekte,Karl-Schweighofer-Gasse,https://www.geschichtewiki.wien.gv.at/?curid=26532,Karl-Schweighofer-Gasse 3,Verkehrsfläche
3082,POINT (16.354465817854027 48.20117129310806),,Denkmal,,,,,Bauwerke,Schulze-Delitzsch-Büste,https://www.geschichtewiki.wien.gv.at/?curid=14162,Lindengasse 5,
3185,POINT (16.34518809547955 48.199609914134236),Firma,,,,,1987.0,Organisationen,Gold- und Silberschmiede-Museum,https://www.geschichtewiki.wien.gv.at/?curid=25405,Zieglergasse 22,Firma
3194,POINT (16.341946306155553 48.19651069497518),Anstalt,,,,,,Organisationen,Grundspital (Gemeinde Schottenfeld),https://www.geschichtewiki.wien.gv.at/?curid=28678,Mariahilfer Straße 120,Anstalt
3225,POINT (16.350505065320682 48.20583799252045),,Denkmal,,,,,Bauwerke,Türkischer Reiter,https://www.geschichtewiki.wien.gv.at/?curid=371,Neustiftgasse 32 Obj. 3,
3226,POINT (16.352570959505886 48.20476635284142),,Sakralbau,,,,1211.0,bauwerke,Ulrichskirche,https://www.geschichtewiki.wien.gv.at/?curid=711,St.-Ulrichs-Platz 5,Katholische Kirche
3227,POINT (16.352612015496717 48.20490004114943),,Denkmal,,,,,Bauwerke,Ulrichstatue,https://www.geschichtewiki.wien.gv.at/?curid=1197,St.-Ulrichs-Platz 5,Sakrale_Freiplastik
3267,POINT (16.354340222094947 48.205491929412304),,Sakralbau,,,,1837.0,Bauwerke,Mechitaristenkirche,https://www.geschichtewiki.wien.gv.at/?curid=29000,Mechitaristengasse 2,Katholische Kirche
3268,POINT (16.354299614872517 48.2055570467795),,Sakralbau,,,,1835.0,bauwerke,Mechitaristenkloster,https://www.geschichtewiki.wien.gv.at/?curid=29001,Mechitaristengasse 2,Sakralbau
3287,POINT (16.33859401530327 48.20148204091174),,Denkmal,,,,1901.0,bauwerke,Urban-Loritz-Denkmal,https://www.geschichtewiki.wien.gv.at/?curid=2317,Urban-Loritz-Platz 7,
3310,POINT (16.347698707459788 48.19778572871553),Verein,,,,,1955.0,organisationen,Berufsverband der bildenden Künstler Österreichs,https://www.geschichtewiki.wien.gv.at/?curid=30246,Mariahilfer Straße 84,Verein
3374,POINT (16.354380148340578 48.20313129116888),Institution,,,,,1966.0,organisationen,Bezirksmuseum Neubau,https://www.geschichtewiki.wien.gv.at/?curid=10735,Stiftgasse 8,Museum
3421,POINT (16.3530626383947 48.20094712719681),,Sonstiges,,,,1846.0,Bauwerke,Vogelsaal,https://www.geschichtewiki.wien.gv.at/?curid=5543,Lindengasse 14/1,Sonstiges Bauwerk
3511,POINT (16.341329192317122 48.19685885277437),Institution,,,,,1625.0,Organisationen,Lazaristen,https://www.geschichtewiki.wien.gv.at/?curid=29468,Kaiserstraße 5,Institution
3513,POINT (16.35909401564912 48.20261504079403),Institution,,,,,2001.0,organisationen,Leopold Museum,https://www.geschichtewiki.wien.gv.at/?curid=49622,Museumsplatz 1(HOF E1/21),Institution
3519,POINT (16.34535044600706 48.20026298980716),Institution,,,,,1991.0,Organisationen,Literaturhaus Wien,https://www.geschichtewiki.wien.gv.at/?curid=17654,Seidengasse 13,Institution
3562,POINT (16.34920634471394 48.20151582275927),Institution,,,,1911.0,1802.0,organisationen,Café Eckl,https://www.geschichtewiki.wien.gv.at/?curid=14811,Neubaugasse 38,Kaffeehaus
3596,POINT (16.354340222094947 48.205491929412304),Institution,,,,,1525.0,Organisationen,Kapuziner (Orden),https://www.geschichtewiki.wien.gv.at/?curid=32407,Mechitaristengasse 2,Institution
3614,POINT (16.35484401537997 48.20663604103296),,Denkmal,,,,1982.0,bauwerke,Wildgansdenkmal (7),https://www.geschichtewiki.wien.gv.at/?curid=11338,Lerchenfelder Straße 1-3 Hotel,
3666,POINT (16.34484854255855 48.203458143683946),Behörde,,,,2007.0,1924.0,organisationen,Landesbildstelle,https://www.geschichtewiki.wien.gv.at/?curid=27611,Zieglergasse 49,Behörde
3709,POINT (16.35617105430219 48.20527317944676),Institution,,,,1865.0,1806.0,Organisationen,Café Weghuber,https://www.geschichtewiki.wien.gv.at/?curid=15077,Neustiftgasse 3,Kaffeehaus
3754,POINT (16.35400798896044 48.19990466848028),,,Anschlag,,19330323000000.0,19321218000000.0,Ereignisse,Anschlag auf das Kaufhaus Gerngroß,https://www.geschichtewiki.wien.gv.at/?curid=49877,Mariahilfer Straße 38-40,Anschlag
3803,POINT (16.35685601554536 48.205680040981925),,Denkmal,,,,1898.0,Bauwerke,Raimunddenkmal,https://www.geschichtewiki.wien.gv.at/?curid=21798,Weghuberpark,
3840,POINT (16.34535044600706 48.20026298980716),Verein,,,,,1967.0,Organisationen,Dokumentationsstelle für neuere österreichische Literatur,https://www.geschichtewiki.wien.gv.at/?curid=47719,Seidengasse 13,Verein
3862,POINT (16.34041001574215 48.19701704123364),,Sakralbau,,,,1860.0,Bauwerke,Lazaristenkirche (7),https://www.geschichtewiki.wien.gv.at/?curid=29472,Neubaugürtel 4,Katholische Kirche
3902,POINT (16.34535044600706 48.20026298980716),Institution,,,,1989.0,1972.0,Organisationen,Dramatisches Zentrum,https://www.geschichtewiki.wien.gv.at/?curid=47716,Seidengasse 13,Institution
3904,POINT (16.359121743337287 48.20353747424892),Institution,,,,,2004.0,Organisationen,Dschungel Wien,https://www.geschichtewiki.wien.gv.at/?curid=47720,Museumsplatz 1(HOF E1/5),Theater
3932,POINT (16.359936015897887 48.204105041053744),,Denkmal,,,,1892.0,Bauwerke,"Rossebändiger (1, Maria-Theresien-Platz)",https://www.geschichtewiki.wien.gv.at/?curid=28783,Museumsplatz TIEFGARAGE,
3992,POINT (16.338590015727075 48.20148004090285),,Denkmal,,,,1901.0,Bauwerke,Loritzdenkmal,https://www.geschichtewiki.wien.gv.at/?curid=18627,Urban-Loritz-Platz 7,
4083,POINT (16.35594801523564 48.2006270412166),,Sakralbau,,,,1739.0,bauwerke,Stiftkirche,https://www.geschichtewiki.wien.gv.at/?curid=17928,Mariahilfer Straße 22-24/1,Katholische Kirche
4096,POINT (16.343344961586943 48.19925409235781),Verein,,,,,1906.0,Organisationen,Freier Wirtschaftsverband,https://www.geschichtewiki.wien.gv.at/?curid=25895,Schottenfeldgasse 24,Verein
4101,POINT (16.343278068219764 48.20382787366577),Firma,,,,,1879.0,Organisationen,Freytag & Berndt,https://www.geschichtewiki.wien.gv.at/?curid=26677,Schottenfeldgasse 64,Firma
4136,POINT (16.344717016171856 48.20159904093267),,Sakralbau,,,,1784.0,bauwerke,Schottenfelder Kirche,https://www.geschichtewiki.wien.gv.at/?curid=12719,Zieglergasse 33A,Katholische Kirche
4297,POINT (16.35454737265017 48.20313737989912),,Gebäude,,,,,Bauwerke,Amerlinghaus,https://www.geschichtewiki.wien.gv.at/?curid=22119,Stiftgasse 8,Gebäude
4369,POINT (16.339027895882953 48.20128225607368),,Gebäude,,,,1930.0,Bauwerke,Ankerhof (7),https://www.geschichtewiki.wien.gv.at/?curid=42427,Urban-Loritz-Platz 8,Gebäude
4468,POINT (16.35395947712005 48.20547885897682),,Gebäude,,,,1900.0,Bauwerke,Dreifaltigkeitshof (7),https://www.geschichtewiki.wien.gv.at/?curid=9464,Neustiftgasse 10/1,Gebäude
4496,POINT (16.344942211994002 48.19895639492765),,Gebäude,,,1876.0,1839.0,Bauwerke,Apollo-Kerzenfabrik (7),https://www.geschichtewiki.wien.gv.at/?curid=26110,Zieglergasse 15,Gebäude
4498,POINT (16.344942211994002 48.19895639492765),,Gebäude,,,1876.0,1807.0,Bauwerke,Apollosaal (7),https://www.geschichtewiki.wien.gv.at/?curid=26117,Zieglergasse 15,Gebäude
4505,POINT (16.347054945697366 48.19750407585019),,Gebäude,,,,1901.0,bauwerke,Bundesmobilienverwaltung,https://www.geschichtewiki.wien.gv.at/?curid=12596,Mariahilfer Straße 88,Gebäude
4596,POINT (16.343269653065825 48.20523099726741),,Gebäude,,,,1912.0,Bauwerke,Effenberger-Hof,https://www.geschichtewiki.wien.gv.at/?curid=11242,Schottenfeldgasse 78/1,Gebäude
4684,POINT (16.348954344783394 48.200851970830556),,Gebäude,,,,,Bauwerke,Gemeindehaus Neubau,https://www.geschichtewiki.wien.gv.at/?curid=17810,Neubaugasse 25/1,Gebäude
4685,POINT (16.34123009557791 48.202690789080094),,Gebäude,,,1848.0,,Bauwerke,Gemeindehaus Schottenfeld,https://www.geschichtewiki.wien.gv.at/?curid=17811,Kandlgasse 27,Gebäude
4712,POINT (16.34766407747118 48.20188578943374),,Gebäude,,,,,organisationen,Büromaschinenmuseum,https://www.geschichtewiki.wien.gv.at/?curid=14120,Westbahnstraße 8,Museum
4729,POINT (16.348954344783394 48.200851970830556),,Gebäude,,,,1911.0,Bauwerke,Elsahof,https://www.geschichtewiki.wien.gv.at/?curid=13055,Neubaugasse 25/1,Gebäude
4733,POINT (16.359713396007376 48.20144292132249),,Gebäude,,,,1898.0,Bauwerke,Emmahof,https://www.geschichtewiki.wien.gv.at/?curid=13588,Mariahilfer Straße 8,Gebäude
4786,POINT (16.35132431376619 48.2023526522141),,Gebäude,,,,,Bauwerke,Café Lurion,https://www.geschichtewiki.wien.gv.at/?curid=14892,Siebensterngasse 42-44,Kaffeehaus
4790,POINT (16.354340222094947 48.205491929412304),,Gebäude,,,,,Bauwerke,Café Mitterhauser,https://www.geschichtewiki.wien.gv.at/?curid=14899,Mechitaristengasse 2,Kaffeehaus
4793,POINT (16.3527322699945 48.205190719951325),,Gebäude,,,,,Bauwerke,Café Nepomuk,https://www.geschichtewiki.wien.gv.at/?curid=14916,Neustiftgasse 27,Kaffeehaus
4855,POINT (16.357019085485245 48.200754830695104),,Gebäude,,,1934.0,,Bauwerke,Café Siller (7),https://www.geschichtewiki.wien.gv.at/?curid=15045,Mariahilfer Straße 22-24/2,Kaffeehaus
4860,POINT (16.340182537424653 48.196199334795146),,Gebäude,,,,1890.0,Bauwerke,Café Westend,https://www.geschichtewiki.wien.gv.at/?curid=15079,Mariahilfer Straße 128,Kaffeehaus
4897,POINT (16.350736897291043 48.20402501905515),,Gebäude,,,,1874.0,Bauwerke,Adlerhof (7),https://www.geschichtewiki.wien.gv.at/?curid=14676,Siebensterngasse 46/10,Gebäude
4938,POINT (16.3494000247669 48.20136633307758),,Gebäude,,,1754.0,1686.0,Bauwerke,Esterházypalais (7),https://www.geschichtewiki.wien.gv.at/?curid=4091,Neubaugasse 36/1,Gebäude
4939,POINT (16.340571004708902 48.202357707220955),,Gebäude,,,,1821.0,Bauwerke,"Esterházysches Schöpfwerk (7, Kaiserstraße)",https://www.geschichtewiki.wien.gv.at/?curid=4134,Kaiserstraße 54,Gebäude
4953,POINT (16.33881432173123 48.20488359941372),,Gebäude,,,,1894.0,bauwerke,Argentor Werke,https://www.geschichtewiki.wien.gv.at/?curid=16819,Wimbergergasse 24,Gebäude
5009,POINT (16.35473242718822 48.204457286017714),,Gebäude,,,1899.0,,bauwerke,"Faßzieherhaus (7, Faßziehergasse 2)",https://www.geschichtewiki.wien.gv.at/?curid=14803,Gardegasse 3,Gebäude
5100,POINT (16.352930991859658 48.20440306441252),,Gebäude,,,1529.0,1333.0,Bauwerke,Berchtesgadner Hof,https://www.geschichtewiki.wien.gv.at/?curid=30213,Burggasse 22,Gebäude
5167,POINT (16.34068097810688 48.200032323188694),,Gebäude,,,,1890.0,Bauwerke,Bienenhof,https://www.geschichtewiki.wien.gv.at/?curid=35073,Kaiserstraße 33,Gebäude
5174,POINT (16.359121743337287 48.20353747424892),,Gebäude,,,,1719.0,bauwerke,Hofstallgebäude,https://www.geschichtewiki.wien.gv.at/?curid=866,Museumsplatz 1(HOF E1/5),Gebäude
5218,POINT (16.3519886396274 48.201986358202895),,Gebäude,,,,,bauwerke,Ludovikahof,https://www.geschichtewiki.wien.gv.at/?curid=20152,Siebensterngasse 29,Gebäude
5283,POINT (16.35141530930503 48.20162940461935),,Gebäude,,,,1898.0,bauwerke,Löwen-Hof,https://www.geschichtewiki.wien.gv.at/?curid=19854,Mondscheingasse 6,Gebäude
5374,POINT (16.34446670463047 48.199088001403524),,Gebäude,,,,1962.0,Bauwerke,Hans-Binder-Hof,https://www.geschichtewiki.wien.gv.at/?curid=3603,Lindengasse 61-63/2,Gebäude
5499,POINT (16.338356286258147 48.20001962128037),,Gebäude,,,,2000.0,bauwerke,Hauptbücherei,https://www.geschichtewiki.wien.gv.at/?curid=30972,Seidengasse 45,Gebäude
5701,POINT (16.359121743337287 48.20353747424892),,Gebäude,,,,,bauwerke,Messepalast,https://www.geschichtewiki.wien.gv.at/?curid=2618,Museumsplatz 1(HOF E1/5),Gebäude
5996,POINT (16.33836922252179 48.20052629974443),,Gebäude,,,,1873.0,Bauwerke,Hotel Wimberger,https://www.geschichtewiki.wien.gv.at/?curid=11501,Neubaugürtel 34-36(HOTEL WIMBERGER),Gebäude
6005,POINT (16.347498713349776 48.20418492466011),,Gebäude,,,1853.0,,Bauwerke,Langer Keller,https://www.geschichtewiki.wien.gv.at/?curid=28933,Burggasse 69,Gebäude
6009,POINT (16.353993422477288 48.20598652119396),,Gebäude,,,,,bauwerke,Lannerhaus,https://www.geschichtewiki.wien.gv.at/?curid=29092,Mechitaristengasse 5,Gebäude
6130,POINT (16.34852982226048 48.204357308165946),,Gebäude,,,,1901.0,Bauwerke,Industrie-Hof (7),https://www.geschichtewiki.wien.gv.at/?curid=39878,Burggasse 58,Gebäude
6141,POINT (16.346219918268535 48.20186991727784),,Gebäude,,,1847.0,1794.0,Bauwerke,Lichtenbergsches Etablissement,https://www.geschichtewiki.wien.gv.at/?curid=14685,Westbahnstraße 16,Gebäude
6190,POINT (16.338141773296897 48.2082030115944),,Gebäude,,,1909.0,1874.0,Bauwerke,Invalidenhaus (16),https://www.geschichtewiki.wien.gv.at/?curid=14228,U-Bahn Station Thaliastraße STATION,Spital
6247,POINT (16.347036457793788 48.20546524498356),,Gebäude,,,,1998.0,Bauwerke,"Studentenheim (7, Neustiftgasse)",https://www.geschichtewiki.wien.gv.at/?curid=29850,Neustiftgasse 83,Gebäude
6326,POINT (16.34800098734702 48.20560571354438),,Gebäude,,,,,Bauwerke,Neustiftgasse 56,https://www.geschichtewiki.wien.gv.at/?curid=56931,Neustiftgasse 56,Gebäude
6342,POINT (16.35474442233209 48.20451681923117),,Gebäude,,,1900.0,,Bauwerke,Rondellhaus (7),https://www.geschichtewiki.wien.gv.at/?curid=27916,Gardegasse 3,Gebäude
6402,POINT (16.35165044544807 48.20558045755067),,Gebäude,,,1788.0,1629.0,Bauwerke,Oberhof,https://www.geschichtewiki.wien.gv.at/?curid=23167,Neustiftgasse 30,Gebäude
6447,POINT (16.3494000247669 48.20136633307758),,Gebäude,,,,1932.0,bauwerke,Theater der Jugend,https://www.geschichtewiki.wien.gv.at/?curid=23949,Neubaugasse 36/1,Theater
6531,POINT (16.34261778206411 48.201707039735524),,Gebäude,,,,,bauwerke,Otto-Limanovsky-Hof,https://www.geschichtewiki.wien.gv.at/?curid=27290,Westbahnstraße 25/3,Gebäude
6657,POINT (16.34448021252856 48.201915562514635),,Gebäude,,,,1912.0,Bauwerke,Paula-Hof,https://www.geschichtewiki.wien.gv.at/?curid=4678,Westbahnstraße 26,Gebäude
6721,POINT (16.35290871221951 48.204565575256154),,Gebäude,,,,1750.0,bauwerke,Perichtoldsgadenhof,https://www.geschichtewiki.wien.gv.at/?curid=40408,St.-Ulrichs-Platz 2,Gebäude
6764,POINT (16.338141773296897 48.2082030115944),,Gebäude,,,,,Bauwerke,Tökes' Vergnügungsetablissement,https://www.geschichtewiki.wien.gv.at/?curid=24761,U-Bahn Station Thaliastraße STATION,Gebäude
6805,POINT (16.355101870428353 48.201937682942884),,Gebäude,,,,1746.0,organisationen,Savoyische Adelige Akademie,https://www.geschichtewiki.wien.gv.at/?curid=2627,Stiftgasse 2A(KASERNE),Schule
6820,POINT (16.340951015615428 48.197782041220584),,Gebäude,,,2017.0,1881.0,organisationen,Sozialmedizinisches Zentrum Sophienspital,https://www.geschichtewiki.wien.gv.at/?curid=4249,Apollogasse 19 Pav. C,Spital
6823,POINT (16.35617105430219 48.20527317944676),,Gebäude,,,1910.0,,Bauwerke,Spaliermacherhaus,https://www.geschichtewiki.wien.gv.at/?curid=5744,Neustiftgasse 3,Gebäude
6895,POINT (16.354884696294747 48.20402297838828),,Gebäude,,,,1740.0,bauwerke,Spittelberggasse 19,https://www.geschichtewiki.wien.gv.at/?curid=11628,Burggasse 19,Gebäude
6901,POINT (16.35587958414174 48.205807427396465),,Gebäude,,,,1712.0,bauwerke,Trautsonpalais (7),https://www.geschichtewiki.wien.gv.at/?curid=25106,Museumstraße 7,Gebäude
6937,POINT (16.348365663672833 48.205374819250856),,Gebäude,,,,1911.0,Bauwerke,Schlesierhof,https://www.geschichtewiki.wien.gv.at/?curid=40480,Neustiftgasse 71,Gebäude
6953,POINT (16.352570150538384 48.20476086708961),,Gebäude,,,1683.0,,Bauwerke,St.-Ulrichs-Hof,https://www.geschichtewiki.wien.gv.at/?curid=21410,St.-Ulrichs-Platz 3(PFARRE),Gebäude
6972,POINT (16.35860901616918 48.20328004107663),,Gebäude,,,,1719.0,bauwerke,MuseumsQuartier,https://www.geschichtewiki.wien.gv.at/?curid=21030,Museumsplatz 1(HOF E1/5),Gebäude
6997,POINT (16.354539807280773 48.20530187079777),,Gebäude,,,,1712.0,Bauwerke,Schmauswaberl,https://www.geschichtewiki.wien.gv.at/?curid=9892,Faßziehergasse 12,Gebäude
7008,POINT (16.3420580145576 48.20171381487542),,Gebäude,,,,1908.0,Bauwerke,Schottenfelder Hof,https://www.geschichtewiki.wien.gv.at/?curid=12707,Westbahnstraße 27-29(GARTENHAUS),Gebäude
7019,POINT (16.341946306155553 48.19651069497518),,Gebäude,,,1996.0,1911.0,bauwerke,Stafa,https://www.geschichtewiki.wien.gv.at/?curid=16069,Mariahilfer Straße 120,Gebäude
7062,POINT (16.351678276390583 48.20551992939218),,Gebäude,,,1788.0,1629.0,Bauwerke,"Schottenhof (7, Neustiftgasse 30-36)",https://www.geschichtewiki.wien.gv.at/?curid=12850,Neustiftgasse 30,Gebäude
7076,POINT (16.352133903760897 48.20233419619064),,Gebäude,,,,1899.0,Bauwerke,Stefaniehof,https://www.geschichtewiki.wien.gv.at/?curid=40535,Siebensterngasse 38,Gebäude
7144,POINT (16.355575093259247 48.201103841488205),,Gebäude,,,,1739.0,Bauwerke,Stiftkaserne,https://www.geschichtewiki.wien.gv.at/?curid=17920,Stiftgasse 5-9,Gebäude
7178,POINT (16.3494000247669 48.20136633307758),,Gebäude,,,,1912.0,bauwerke,Renaissancetheater,https://www.geschichtewiki.wien.gv.at/?curid=25621,Neubaugasse 36/1,Theater
7220,POINT (16.349109028130204 48.20343372979269),,Gebäude,,,,1904.0,Bauwerke,Neubauhof,https://www.geschichtewiki.wien.gv.at/?curid=40387,Neubaugasse 57,Gebäude
7222,POINT (16.351909225942467 48.206229823002204),,Gebäude,,,,1376.0,Bauwerke,Neudeggerhof,https://www.geschichtewiki.wien.gv.at/?curid=17208,Lerchenfelder Straße 25,Gebäude
7256,POINT (16.354998922629616 48.20367699026425),,Gebäude,,,,,Bauwerke,Zum blauen Igel (7),https://www.geschichtewiki.wien.gv.at/?curid=9223,Spittelberggasse 13,Gebäude
7269,POINT (16.349098743038574 48.203726370566955),,Gebäude,,,,,Bauwerke,Zum goldenen Berg,https://www.geschichtewiki.wien.gv.at/?curid=8792,Neubaugasse 68,Gebäude
7287,POINT (16.358905706643263 48.201158987995456),,Gebäude,,,,,Bauwerke,Zum roten Krebs (7),https://www.geschichtewiki.wien.gv.at/?curid=18497,Mariahilfer Straße 18,Gebäude
7323,POINT (16.355538078987024 48.202832526366684),,Gebäude,,,,1862.0,Bauwerke,Zum schwarzen Adler (7),https://www.geschichtewiki.wien.gv.at/?curid=13395,Gutenberggasse 1-5,Gebäude
7333,POINT (16.355568046705745 48.20345773050864),,Gebäude,,,,,Bauwerke,"Zum schwarzen Elefanten (7, Gutenberggasse 17)",https://www.geschichtewiki.wien.gv.at/?curid=12714,Gutenberggasse 17,Gebäude
7334,POINT (16.341543114574705 48.19727630898734),,Gebäude,,,,,Bauwerke,"Zum schwarzen Elefanten (7, Kaiserstraße 8)",https://www.geschichtewiki.wien.gv.at/?curid=12722,Kaiserstraße 8,Gebäude
7338,POINT (16.343103998627786 48.20691939517632),,Sakralbau,,,,1848.0,bauwerke,Altlerchenfelder Kirche,https://www.geschichtewiki.wien.gv.at/?curid=21403,Mentergasse 1,Katholische Kirche
7383,POINT (16.355095392974697 48.20334107735091),,Gebäude,,,,,Bauwerke,Zum schwarzen Ochsen,https://www.geschichtewiki.wien.gv.at/?curid=23772,Spittelberggasse 7,Gebäude
7385,POINT (16.35597664993394 48.20388304034521),,Gebäude,,,,,Bauwerke,Zum schwarzen Rössel (7),https://www.geschichtewiki.wien.gv.at/?curid=28280,Kirchberggasse 16/1,Gebäude
7394,POINT (16.355702061743578 48.202807137665324),,Gebäude,,,,1896.0,Bauwerke,Zum verlorenen Sohn,https://www.geschichtewiki.wien.gv.at/?curid=3382,Gutenberggasse 1-5,Gebäude
7446,POINT (16.355428148733775 48.20314011327343),,Gebäude,,,,1892.0,Bauwerke,"Zum weißen Engel (7, Spittelberggasse 12, Gutenberggasse 11)",https://www.geschichtewiki.wien.gv.at/?curid=14320,Spittelberggasse 12,Gebäude
7451,POINT (16.35591613511007 48.203249387982915),,Gebäude,,,,,bauwerke,"Zum weißen Kreuz (7, Kirchberggasse 11, Gutenberggasse 10)",https://www.geschichtewiki.wien.gv.at/?curid=19604,Kirchberggasse 11-13/1,Gebäude
7454,POINT (16.3556123847118 48.20330600725569),,Gebäude,,,,1723.0,Bauwerke,Zum weißen Löwen (7),https://www.geschichtewiki.wien.gv.at/?curid=19831,Gutenberggasse 13,Gebäude
7553,POINT (16.352556015514704 48.2049100406364),,Denkmal,,,,,Bauwerke,Gonzagastatue,https://www.geschichtewiki.wien.gv.at/?curid=25703,St.-Ulrichs-Platz 5,Sakrale_Freiplastik
7580,POINT (16.355056283728857 48.20344819313507),,Gebäude,,,,,Bauwerke,Zur Kohlkreunze,https://www.geschichtewiki.wien.gv.at/?curid=13160,Spittelberggasse 9,Gebäude
7610,POINT (16.35165044544807 48.20558045755067),,Denkmal,,,,1908.0,bauwerke,Augustinbrunnen,https://www.geschichtewiki.wien.gv.at/?curid=28385,Neustiftgasse 30,Brunnen
7622,POINT (16.357103015699547 48.20495404062671),,Denkmal,,,,1952.0,Bauwerke,Hansi-Niese-Denkmal,https://www.geschichtewiki.wien.gv.at/?curid=20576,Arthur-Schnitzler-Platz 1,
7648,POINT (16.35349720032061 48.201080342065545),,Gebäude,,,,,Bauwerke,Zur blauen Flasche (7),https://www.geschichtewiki.wien.gv.at/?curid=20324,Lindengasse 10,Gebäude
7657,POINT (16.352804760053328 48.20635695072086),,Gebäude,,,,,bauwerke,"Zur goldenen Ente (7, Lerchenfelder Straße 15)",https://www.geschichtewiki.wien.gv.at/?curid=19200,Lerchenfelder Straße 15,Gebäude
7659,POINT (16.35569578944332 48.203999910497),,Gebäude,,,,,Bauwerke,Zur goldenen Hand,https://www.geschichtewiki.wien.gv.at/?curid=30941,Kirchberggasse 25,Gebäude
7661,POINT (16.353540488331877 48.20218506392683),,Gebäude,,,1992.0,1700.0,bauwerke,Zur goldenen Krone (7),https://www.geschichtewiki.wien.gv.at/?curid=55947,Siebensterngasse 19,Gebäude
7685,POINT (16.338555016237578 48.19854904094482),,Denkmal,,,,1909.0,bauwerke,Hesserdenkmal,https://www.geschichtewiki.wien.gv.at/?curid=12938,Neubaugürtel 14-16,
7715,POINT (16.356261872142777 48.202884023042984),,Gebäude,,,,1836.0,Bauwerke,"Zur goldenen Rose (7, Kirchberggasse)",https://www.geschichtewiki.wien.gv.at/?curid=27733,Kirchberggasse 4,Gebäude
7785,POINT (16.3494000247669 48.20136633307758),,Gebäude,,,,,Bauwerke,Zur ungarischen Krone,https://www.geschichtewiki.wien.gv.at/?curid=21029,Neubaugasse 36/1,Gebäude
7844,POINT (16.340182537424653 48.196199334795146),,Gebäude,,,,1899.0,Bauwerke,Zachariashof,https://www.geschichtewiki.wien.gv.at/?curid=40583,Mariahilfer Straße 128,Gebäude
7855,POINT (16.36021437700146 48.20173788535905),,Gebäude,,,,,organisationen,Österreichisches Tabakmuseum,https://www.geschichtewiki.wien.gv.at/?curid=22686,Museumsplatz 1(HOF E3/10),Museum
7909,POINT (16.341147109052375 48.20287965052828),,Gebäude,,,,1958.0,Bauwerke,Zentraldepot des Wiener Stadt- und Landesarchivs,https://www.geschichtewiki.wien.gv.at/?curid=9316,Kandlgasse 30,Gebäude
7975,POINT (16.346645631040598 48.19759485576941),,Gebäude,,,,1900.0,Bauwerke,Zita-Hof,https://www.geschichtewiki.wien.gv.at/?curid=40604,Mariahilfer Straße 88A/3,Gebäude
7990,POINT (16.35038204518491 48.20079946212197),,Gebäude,,,,1578.0,Bauwerke,Zum goldenen Fagott,https://www.geschichtewiki.wien.gv.at/?curid=11853,Zollergasse 31,Gebäude
7991,POINT (16.355544959412953 48.203595870380994),,Gebäude,,,,,Bauwerke,Zum goldenen Fassel,https://www.geschichtewiki.wien.gv.at/?curid=14741,Gutenberggasse 19,Gebäude
7997,POINT (16.354269990854647 48.20395985463048),,Gebäude,,,,1890.0,Bauwerke,Zum goldenen Hirschen (7),https://www.geschichtewiki.wien.gv.at/?curid=15932,Stiftgasse 18,Gebäude
8033,POINT (16.356567210177786 48.20378293220695),,Gebäude,,,,,bauwerke,Zu den drei Kronen,https://www.geschichtewiki.wien.gv.at/?curid=21034,Breite Gasse 11,Gebäude
8036,POINT (16.34958235705945 48.199497788043075),,Gebäude,,,,1820.0,Bauwerke,Zu den neun Kurfürsten,https://www.geschichtewiki.wien.gv.at/?curid=25735,Neubaugasse 16,Gebäude
8038,POINT (16.35472620955241 48.20251852706678),,Gebäude,,,,1870.0,Bauwerke,Zu den sieben Churfürsten,https://www.geschichtewiki.wien.gv.at/?curid=19568,Stiftgasse 4,Gebäude
8041,POINT (16.354268310166255 48.20224772415395),,Gebäude,,,,,Bauwerke,Zu den sieben Sternen,https://www.geschichtewiki.wien.gv.at/?curid=17673,Stiftgasse 21,Gebäude
8048,POINT (16.35502793457878 48.20354901187673),,Gebäude,,,,1720.0,Bauwerke,Zu den zwei goldenen Kreuzen,https://www.geschichtewiki.wien.gv.at/?curid=19614,Spittelberggasse 11,Gebäude
8074,POINT (16.356424867430505 48.204105634392896),,Sonstiges,,,1872.0,1822.0,Bauwerke,"Dreifaltigkeitsbrunnen (7, Breite Gasse)",https://www.geschichtewiki.wien.gv.at/?curid=9417,Breite Gasse 17,Brunnen
8113,POINT (16.354539807280773 48.20530187079777),,Gebäude,,,,1712.0,Bauwerke,Zum goldenen Schiff,https://www.geschichtewiki.wien.gv.at/?curid=7639,Faßziehergasse 12,Gebäude
8119,POINT (16.350323866898908 48.203978665734766),,Gebäude,,,,1688.0,Bauwerke,Zum goldenen Stuck,https://www.geschichtewiki.wien.gv.at/?curid=21330,Stuckgasse 15,Gebäude
8124,POINT (16.356389798177755 48.204558449509285),,Gebäude,,,1873.0,,Bauwerke,Zum großen Zeisig,https://www.geschichtewiki.wien.gv.at/?curid=7491,Burggasse 2,Gebäude
8132,POINT (16.352529016002688 48.20433404098209),,Denkmal,,,,1713.0,Bauwerke,"Dreifaltigkeitssäule (7, St.-Ulrichs-Platz)",https://www.geschichtewiki.wien.gv.at/?curid=9592,Burggasse 33,Sakrale_Freiplastik
8148,POINT (16.357053732725316 48.20523201309908),,Gebäude,,,,,organisationen,Volkstheater,https://www.geschichtewiki.wien.gv.at/?curid=6125,Arthur-Schnitzler-Platz 1,Begriffsklärung
8161,POINT (16.351115401334013 48.201929638116766),,Gebäude,,,,,Bauwerke,Zum Chinesen (7),https://www.geschichtewiki.wien.gv.at/?curid=18456,Mondscheingasse 2,Gebäude
8163,POINT (16.35554005803288 48.20415399086158),,Gebäude,,,,1800.0,Bauwerke,Zum Dattelbaum,https://www.geschichtewiki.wien.gv.at/?curid=26756,Burggasse 11,Gebäude
8178,POINT (16.351936396336722 48.19921150369247),,Gebäude,,,1893.0,1683.0,bauwerke,Zum grünen Baum (7),https://www.geschichtewiki.wien.gv.at/?curid=4840,Mariahilfer Straße 56,Gebäude
8186,POINT (16.352133903760897 48.20233419619064),,Gebäude,,,,,Bauwerke,Zum grünen Luftschützen,https://www.geschichtewiki.wien.gv.at/?curid=20315,Siebensterngasse 38,Gebäude
8188,POINT (16.354153084072202 48.20128258882193),,Gebäude,,,,1696.0,Bauwerke,Zum grünen Tor (7),https://www.geschichtewiki.wien.gv.at/?curid=24883,Lindengasse 4,Gebäude
8234,POINT (16.34036054610768 48.20168744974702),,Gebäude,,,,,Bauwerke,Zum Kaiseracker,https://www.geschichtewiki.wien.gv.at/?curid=23733,Kaiserstraße 47-49,Gebäude
8241,POINT (16.344412952605854 48.196932416557914),,Gebäude,,,1905.0,,Bauwerke,Zum Münchner Boten,https://www.geschichtewiki.wien.gv.at/?curid=14411,Mariahilfer Straße 100,Gebäude
8247,POINT (16.355222222980434 48.203613461218076),,Gebäude,,,,,Bauwerke,Zum heiligen Christoph,https://www.geschichtewiki.wien.gv.at/?curid=19499,Spittelberggasse 22,Gebäude
8249,POINT (16.355398782186658 48.20411291558004),,Gebäude,,,,1750.0,Bauwerke,Zum heiligen Josef (Giebelhaus),https://www.geschichtewiki.wien.gv.at/?curid=20028,Gutenberggasse 29,Gebäude
8254,POINT (16.348269992108186 48.20416919760155),,Gebäude,,,,1690.0,Bauwerke,Zum langen Keller,https://www.geschichtewiki.wien.gv.at/?curid=3409,Burggasse 67,Gebäude
8259,POINT (16.355687862234227 48.20296659001965),,Gebäude,,,,,bauwerke,Zum roten Apfel (7),https://www.geschichtewiki.wien.gv.at/?curid=26091,Gutenberggasse 7,Gebäude
8262,POINT (16.354978508760215 48.20377259161554),,Gebäude,,,,1976.0,Bauwerke,Zum roten Engel,https://www.geschichtewiki.wien.gv.at/?curid=14312,Spittelberggasse 15,Gebäude
8289,POINT (16.35400798896044 48.19990466848028),,Gebäude,,,,1904.0,bauwerke,Warenhaus Gerngroß,https://www.geschichtewiki.wien.gv.at/?curid=40201,Mariahilfer Straße 38-40,Gebäude
8291,POINT (16.35527399194739 48.20029405149742),,Gebäude,,,,1896.0,bauwerke,Warenhaus Herzmansky,https://www.geschichtewiki.wien.gv.at/?curid=12800,Mariahilfer Straße 26-30,Gebäude
8294,POINT (16.358547384025957 48.201283704599),,Gebäude,,,,1894.0,Bauwerke,Warenhaus Stephan Esders,https://www.geschichtewiki.wien.gv.at/?curid=12944,Karl-Schweighofer-Gasse 1,Gebäude
8298,POINT (16.353422868045428 48.20405801132898),,Gebäude,,,,,Bauwerke,Zum Schwarzwälder Bauern,https://www.geschichtewiki.wien.gv.at/?curid=4790,Sigmundsgasse 16,Gebäude
8302,POINT (16.35167979825774 48.20432499936554),,Gebäude,,,1881.0,,Bauwerke,Zum Sperl (7),https://www.geschichtewiki.wien.gv.at/?curid=6100,Kirchengasse 44,Gebäude
8311,POINT (16.35684598214649 48.20316531739154),,Gebäude,,,,1890.0,Bauwerke,Zum blauen Hecht (7),https://www.geschichtewiki.wien.gv.at/?curid=6672,Breite Gasse 3,Gebäude
8340,POINT (16.34971293681184 48.19832595422935),,,,,,1918.0,organisationen,Maria-Theresien-Kino,https://www.geschichtewiki.wien.gv.at/?curid=63192,Neubaugasse 1,Kino
8450,POINT (16.348400063570843 48.19787670983086),,,,,,1921.0,organisationen,Kino Mariahilfer Straße 78,https://www.geschichtewiki.wien.gv.at/?curid=61004,Mariahilfer Straße 78-80,Kino
8455,POINT (16.347054945697366 48.19750407585019),,,,,1930.0,1919.0,organisationen,Kino im Zitahof,https://www.geschichtewiki.wien.gv.at/?curid=61003,Mariahilfer Straße 88,Kino
8468,POINT (16.34102849846706 48.20194283096979),,,,,,1921.0,organisationen,Metropol Kino,https://www.geschichtewiki.wien.gv.at/?curid=61005,Westbahnstraße 48,Kino
8520,POINT (16.346984525955985 48.20418929109753),,,,,2000.0,1909.0,organisationen,Adriakino,https://www.geschichtewiki.wien.gv.at/?curid=57881,Burggasse 71,Kino
8547,POINT (16.34571910086311 48.200586086487455),,,,Verkehrsfläche,,2018.0,topografische_objekte,Dorothea-Neff-Weg,https://www.geschichtewiki.wien.gv.at/?curid=60240,Bandgasse 5/1,Verkehrsfläche
8648,POINT (16.352413015429114 48.204063041199255),,,,,1945.0,1942.0,organisationen,Zwangsarbeiterlager Burggasse 35,https://www.geschichtewiki.wien.gv.at/?curid=61353,Burggasse 35,NS-Institution
8670,POINT (16.34888641091217 48.20194105861907),,,,,,1783.0,organisationen,Zur goldenen Rose (Apotheke),https://www.geschichtewiki.wien.gv.at/?curid=27970,Neubaugasse 37,Apotheke
8743,POINT (16.343289860789852 48.20349539332644),,,,,1938.0,1924.0,organisationen,Jüdischer Verein Neubau Chewra Binjon Chudosch,https://www.geschichtewiki.wien.gv.at/?curid=67394,Schottenfeldgasse 60,Verein
8861,POINT (16.353540488331877 48.20218506392683),,,,,1992.0,1700.0,organisationen,Restaurant Schöner,https://www.geschichtewiki.wien.gv.at/?curid=56286,Siebensterngasse 19,Gebäude
8862,POINT (16.349789015374565 48.19849404047659),,,,,1924.0,1919.0,organisationen,Vita Filmindustrie AG,https://www.geschichtewiki.wien.gv.at/?curid=61421,Neubaugasse 1,Institution
8919,POINT (16.350914015242196 48.199908040626816),,,,,,,organisationen,"Kinema Film - Fabriks- und Handels-Aktiengesellschaft, Filiale Wien",https://www.geschichtewiki.wien.gv.at/?curid=69051,Zollergasse 8,Filmindustrie
8921,POINT (16.348968016356796 48.200878040682966),,,,,,,organisationen,Sascha Filmindustrie Aktiengesellschaft,https://www.geschichtewiki.wien.gv.at/?curid=69043,Neubaugasse 25/1,Filmindustrie
8922,POINT (16.350872016325606 48.19990004114263),,,,,,,organisationen,Transocean Film Co. Gesellschaft m.b.H.,https://www.geschichtewiki.wien.gv.at/?curid=69040,Zollergasse 8,Filmindustrie
8924,POINT (16.345987140367882 48.20233740553957),,,,Werd,,,topografische_objekte,Banntaiding im Werd,https://www.geschichtewiki.wien.gv.at/?curid=2811,Bandgasse 19,Insel
8969,POINT (16.338749169556518 48.20415910664866),,,,,,1913.0,organisationen,Admiralkino,https://www.geschichtewiki.wien.gv.at/?curid=57898,Burggasse 119,Kino
8970,POINT (16.359713396007376 48.20144292132249),,,,,1909.0,1907.0,organisationen,Biographen Theater Weingärtner,https://www.geschichtewiki.wien.gv.at/?curid=57878,Mariahilfer Straße 8,Kino
8971,POINT (16.349995792875152 48.198689876695106),,,,,1917.0,1909.0,organisationen,Hackers Biographen Theater,https://www.geschichtewiki.wien.gv.at/?curid=57888,Neubaugasse 4,Kino
8972,POINT (16.339611537497706 48.2082270783302),,,,,1926.0,1919.0,organisationen,Invalidendankkino,https://www.geschichtewiki.wien.gv.at/?curid=57908,Lerchenfelder Straße 143-145,Kino
8974,POINT (16.351401399374048 48.20507003547661),,,,,1910.0,1909.0,organisationen,Kinematographentheater (Neubau),https://www.geschichtewiki.wien.gv.at/?curid=57883,Kirchengasse 43,Kino
8975,POINT (16.34074606784004 48.20131448565165),,,,,1999.0,1909.0,organisationen,"Kino Baier, Metropol - Uhu Kino",https://www.geschichtewiki.wien.gv.at/?curid=57886,Kaiserstraße 44-46/2,Kino
8977,POINT (16.35132431376619 48.2023526522141),,,,,1998.0,1914.0,organisationen,Kosmos Kino,https://www.geschichtewiki.wien.gv.at/?curid=57906,Siebensterngasse 42-44,Kino
8981,POINT (16.346984525955985 48.20418929109753),,,,,2000.0,1909.0,organisationen,Adriakino,https://www.geschichtewiki.wien.gv.at/?curid=69573,Burggasse 71,Kino
8985,POINT (16.346984525955985 48.20418929109753),,,,,2000.0,1909.0,organisationen,Adriakino,https://www.geschichtewiki.wien.gv.at/?curid=69569,Burggasse 71,Kino
8986,POINT (16.339253865942986 48.198508467298886),,,,,,,organisationen,Verlag Karl Schusdek,https://www.geschichtewiki.wien.gv.at/?curid=69557,Stollgasse 10,Verlag
9018,POINT (16.34971293681184 48.19832595422935),,,,,,1918.0,organisationen,Maria Theresienkino,https://www.geschichtewiki.wien.gv.at/?curid=57907,Neubaugasse 1,Kino
9020,POINT (16.349098743038574 48.203726370566955),,,,,1922.0,1914.0,organisationen,Neubauer Bürgerkino,https://www.geschichtewiki.wien.gv.at/?curid=57905,Neubaugasse 68,Kino
9021,POINT (16.345291253399004 48.20704163947104),,,,,,1910.0,organisationen,Neubauer Kino,https://www.geschichtewiki.wien.gv.at/?curid=57892,Lerchenfelder Straße 73,Kino
9024,POINT (16.35055333826785 48.20622370582559),,,,,,1913.0,organisationen,Phönixkino,https://www.geschichtewiki.wien.gv.at/?curid=57899,Lerchenfelder Straße 35,Kino
9025,POINT (16.34339791475963 48.198914144767286),,,,,,1913.0,organisationen,Schottenfelder Lichtspiele,https://www.geschichtewiki.wien.gv.at/?curid=57897,Schottenfeldgasse 22,Kino
9053,POINT (16.356449804810982 48.20490899484681),,,,,,1911.0,organisationen,Invalidendankkino - Bellariakino,https://www.geschichtewiki.wien.gv.at/?curid=57896,Museumstraße 3,Kino
9060,POINT (16.354153084072202 48.20128258882193),,,,,1939.0,1919.0,organisationen,E. P. Tal & Co. Verlag,https://www.geschichtewiki.wien.gv.at/?curid=69237,Lindengasse 4,Verlag
9110,POINT (16.348400063570843 48.19787670983086),,,,,,1921.0,organisationen,Kino Mariahilfer Straße 78,https://www.geschichtewiki.wien.gv.at/?curid=69797,Mariahilfer Straße 78-80,Kino
9113,POINT (16.340342389892953 48.2033895988408),,,,,1919.0,1919.0,organisationen,Verlag Aufschwung,https://www.geschichtewiki.wien.gv.at/?curid=69821,Kaiserstraße 62,Verlag
9147,POINT (16.340743053609287 48.1992065620203),,,,,,1863.0,bauwerke,Zum göttlichen Heiland (Kloster),https://www.geschichtewiki.wien.gv.at/?curid=7321,Kaiserstraße 25 Kirche,Katholische Kirche
9149,POINT (16.342009015232033 48.19812304069634),,,,,1945.0,1944.0,organisationen,Zwangsarbeiterlager Apollogasse 20,https://www.geschichtewiki.wien.gv.at/?curid=61437,Apollogasse 20,NS-Institution
9209,POINT (16.34793701850052 48.20532935834938),,,,,,2012.0,organisationen,NEOS,https://www.geschichtewiki.wien.gv.at/?curid=64498,Neustiftgasse 73/3,Politische Partei
9270,POINT (16.347281015940023 48.20667004095614),,,,,1935.0,1865.0,organisationen,VS/HS Lerchenfelder Straße 61,https://www.geschichtewiki.wien.gv.at/?curid=70091,Lerchenfelder Straße 61/1,Schule
9271,POINT (16.344870016017758 48.20345504118902),,,,,1958.0,,organisationen,VS/HS Zieglergasse 49,https://www.geschichtewiki.wien.gv.at/?curid=70088,Zieglergasse 49,Schule
9272,POINT (16.341664446696182 48.20601124790739),,,,,,1891.0,organisationen,WMS Neustiftgasse 98-102,https://www.geschichtewiki.wien.gv.at/?curid=68590,Neustiftgasse 98(SCHULE),Schule
9275,POINT (16.352409161115183 48.20406751227791),,,,,,1843.0,organisationen,Notre Dame de Sion,https://www.geschichtewiki.wien.gv.at/?curid=22006,Burggasse 35,Institution
9297,POINT (16.341946306155553 48.19651069497518),,,,,,1920.0,organisationen,Mariahilfer Zentralpalast - Stafa Kino,https://www.geschichtewiki.wien.gv.at/?curid=57909,Mariahilfer Straße 120,Kino
9313,POINT (16.35087002828909 48.200543273358576),,,,,,,topografische_objekte,Zollamtsgründe,https://www.geschichtewiki.wien.gv.at/?curid=8453,Zollergasse 14,
9399,POINT (16.34912701511954 48.203434040725256),,,,,1945.0,1938.0,organisationen,NSDAP-Ortsgruppe Am Neubau,https://www.geschichtewiki.wien.gv.at/?curid=59081,Neubaugasse 64-66/2,NS-Institution
9409,POINT (16.349936015519283 48.20564604073906),,,,,1945.0,1938.0,organisationen,NSDAP-Ortsgruppe Brillantengrund,https://www.geschichtewiki.wien.gv.at/?curid=59083,Döblergasse 2,NS-Institution
9417,POINT (16.34074606784004 48.20131448565165),,,,,1999.0,1909.0,organisationen,Erika-Kino,https://www.geschichtewiki.wien.gv.at/?curid=13921,Kaiserstraße 44-46/2,Kino
9421,POINT (16.355850015531527 48.20592704054735),,,,,1920.0,1910.0,organisationen,Wiener Kunstfilm-Industrie,https://www.geschichtewiki.wien.gv.at/?curid=56294,Museumstraße 7,Institution
9453,POINT (16.354539521956177 48.20473087300365),,,,Verkehrsfläche,,,TopografischeObjekte,Faßziehergasse,https://www.geschichtewiki.wien.gv.at/?curid=14801,Faßziehergasse 5,Verkehrsfläche
9559,POINT (16.349770843755543 48.20555022506007),,,,Verkehrsfläche,,1907.0,TopografischeObjekte,Döblergasse,https://www.geschichtewiki.wien.gv.at/?curid=7024,Döblergasse 2,Verkehrsfläche
9600,POINT (16.354900185362375 48.20445447804801),,,,Verkehrsfläche,,1909.0,topografische_objekte,Gardegasse,https://www.geschichtewiki.wien.gv.at/?curid=8603,Gardegasse 2,Verkehrsfläche
9755,POINT (16.355508410629145 48.20320958774769),,,,Verkehrsfläche,,1862.0,topografische_objekte,Gutenberggasse,https://www.geschichtewiki.wien.gv.at/?curid=29189,Spittelberggasse 12,Verkehrsfläche
10181,POINT (16.34130267634619 48.207721557949235),,,,Verkehrsfläche,,1903.0,TopografischeObjekte,Enzingergasse,https://www.geschichtewiki.wien.gv.at/?curid=19165,Enzingergasse 2,Verkehrsfläche
10452,POINT (16.338570969903987 48.196984042111694),,,,Verkehrsfläche,,1958.0,topografische_objekte,Europaplatz,https://www.geschichtewiki.wien.gv.at/?curid=5497,U-Bahn Station Westbahnhof U Station,Verkehrsfläche
10591,POINT (16.353530453481984 48.203077816065814),,,,Verkehrsfläche,,,topografische_objekte,Sigmundsgasse,https://www.geschichtewiki.wien.gv.at/?curid=19226,Sigmundsgasse 8,Verkehrsfläche
10682,POINT (16.350631099616823 48.20308861085994),,,,Verkehrsfläche,,,topografische_objekte,Stuckgasse,https://www.geschichtewiki.wien.gv.at/?curid=21334,Stuckgasse 8,Verkehrsfläche
10715,POINT (16.34320479194782 48.20221379430189),,,,Verkehrsfläche,,,topografische_objekte,Schottenfeldgasse,https://www.geschichtewiki.wien.gv.at/?curid=12837,Schottenfeldgasse 48A,Verkehrsfläche
10722,POINT (16.35461379124854 48.20338211993353),,,,Verkehrsfläche,,1907.0,topografische_objekte,Schrankgasse,https://www.geschichtewiki.wien.gv.at/?curid=13192,Schrankgasse 10,Verkehrsfläche
11009,POINT (16.35531167639186 48.20311301908064),,,,Verkehrsfläche,,1862.0,topografische_objekte,Spittelberggasse,https://www.geschichtewiki.wien.gv.at/?curid=8892,Spittelberggasse 12,Verkehrsfläche
11090,POINT (16.352340852076498 48.20443961666162),,,,Verkehrsfläche,,,topografische_objekte,St.-Ulrichs-Platz,https://www.geschichtewiki.wien.gv.at/?curid=21413,Zeismannsbrunngasse 1/3,Verkehrsfläche
11340,POINT (16.342496304234384 48.20036332198226),,,,Verkehrsfläche,,,topografische_objekte,Seidengasse,https://www.geschichtewiki.wien.gv.at/?curid=15622,Seidengasse 27,Verkehrsfläche
11508,POINT (16.354734826403327 48.20222567105889),,,,Verkehrsfläche,,,topografische_objekte,Stiftgasse,https://www.geschichtewiki.wien.gv.at/?curid=17906,Stiftgasse 21,Verkehrsfläche
11559,POINT (16.352777852288725 48.20222197717372),,,,Verkehrsfläche,,,topografische_objekte,Siebensterngasse,https://www.geschichtewiki.wien.gv.at/?curid=17239,Siebensterngasse 25/1,Verkehrsfläche
11560,POINT (16.35174270164115 48.20221057778529),,,,Verkehrsfläche,,2009.0,topografische_objekte,Siebensternplatz,https://www.geschichtewiki.wien.gv.at/?curid=17246,Siebensterngasse 38,Verkehrsfläche
11576,POINT (16.340813357667674 48.198669015565216),,,,Verkehrsfläche,,1896.0,topografische_objekte,Stollgasse,https://www.geschichtewiki.wien.gv.at/?curid=18681,Stollgasse 7,Verkehrsfläche
11633,POINT (16.348928956361682 48.199843963620076),,,,Verkehrsfläche,,1862.0,TopografischeObjekte,Lindengasse,https://www.geschichtewiki.wien.gv.at/?curid=17177,Lindengasse 38,Verkehrsfläche
11798,POINT (16.349069461465863 48.20221234771401),,,,Verkehrsfläche,,1862.0,topografische_objekte,Neubaugasse,https://www.geschichtewiki.wien.gv.at/?curid=17026,Neubaugasse 41,Verkehrsfläche
11799,POINT (16.338403963558555 48.20001247792248),,,,Verkehrsfläche,,,topografische_objekte,Neubaugürtel,https://www.geschichtewiki.wien.gv.at/?curid=17031,Seidengasse 45,Verkehrsfläche
11854,POINT (16.35414052286203 48.20586362023531),,,,Verkehrsfläche,,1843.0,topografische_objekte,Mechitaristengasse,https://www.geschichtewiki.wien.gv.at/?curid=28997,Mechitaristengasse 3,Verkehrsfläche
11879,POINT (16.346672114243322 48.20559952082156),,,,Verkehrsfläche,,1100.0,topografische_objekte,Neustiftgasse,https://www.geschichtewiki.wien.gv.at/?curid=18519,Neustiftgasse 64,Verkehrsfläche
11989,POINT (16.34210345773028 48.207568581328175),,,,Verkehrsfläche,,1876.0,TopografischeObjekte,Mentergasse,https://www.geschichtewiki.wien.gv.at/?curid=1516,Lerchenfelder Straße 111(PFARRE),Verkehrsfläche
12333,POINT (16.349991959697668 48.200966267705546),,,,Verkehrsfläche,,,topografische_objekte,Mondscheingasse,https://www.geschichtewiki.wien.gv.at/?curid=12089,Mondscheingasse 16,Verkehrsfläche
12541,POINT (16.359357511216377 48.203675035827104),,,,Verkehrsfläche,,1996.0,topografische_objekte,Museumsplatz,https://www.geschichtewiki.wien.gv.at/?curid=21026,Museumsplatz VOR 1(STAND),Verkehrsfläche
12542,POINT (16.356254364001945 48.20541539903539),,,,Verkehrsfläche,,1870.0,topografische_objekte,Museumstraße,https://www.geschichtewiki.wien.gv.at/?curid=14837,Neustiftgasse 3,Verkehrsfläche
12552,POINT (16.347609120206755 48.20527630005084),,,,Verkehrsfläche,,,topografische_objekte,Myrthengasse,https://www.geschichtewiki.wien.gv.at/?curid=14951,Myrthengasse 10,Verkehrsfläche
12814,POINT (16.342421744466773 48.20751711503657),,,,Verkehrsfläche,,2014.0,topografische_objekte,Ceija-Stojka-Platz,https://www.geschichtewiki.wien.gv.at/?curid=33478,Lerchenfelder Straße 103-109,Verkehrsfläche
12818,POINT (16.347800981498306 48.20031220748768),,,,Verkehrsfläche,,1938.0,TopografischeObjekte,Ahornergasse,https://www.geschichtewiki.wien.gv.at/?curid=17478,Ahornergasse 7,Verkehrsfläche
12841,POINT (16.342568673137293 48.198133426689886),,,,Verkehrsfläche,,1862.0,topografische_objekte,Apollogasse,https://www.geschichtewiki.wien.gv.at/?curid=26107,Apollogasse 9,Verkehrsfläche
12975,POINT (16.356601524191113 48.20542069950838),,,,Verkehrsfläche,,2016.0,TopografischeObjekte,Arthur-Schnitzler-Platz,https://www.geschichtewiki.wien.gv.at/?curid=47242,Arthur-Schnitzler-Platz 1,Verkehrsfläche
13124,POINT (16.35117879402976 48.205288866386944),,,,Verkehrsfläche,,2008.0,topografische_objekte,Augustinplatz,https://www.geschichtewiki.wien.gv.at/?curid=32979,Neustiftgasse 43/1,Verkehrsfläche
13261,POINT (16.34426426677707 48.20711518503163),,,,Verkehrsfläche,,1814.0,topografische_objekte,Badhausgasse,https://www.geschichtewiki.wien.gv.at/?curid=2414,Badhausgasse 5-7/1,Verkehrsfläche
13276,POINT (16.356908216752984 48.2034359870259),,,,Verkehrsfläche,,1862.0,TopografischeObjekte,Breite Gasse,https://www.geschichtewiki.wien.gv.at/?curid=6610,Breite Gasse 7,Verkehrsfläche
13332,POINT (16.345983899679187 48.202225756674714),,,,Verkehrsfläche,,1720.0,topografische_objekte,Bandgasse,https://www.geschichtewiki.wien.gv.at/?curid=2735,Bandgasse 19,Verkehrsfläche
13494,POINT (16.343470043725773 48.20192354547344),Sonstiges,,,,,1788.0,organisationen,Zum weißen Hirschen (Apotheke),https://www.geschichtewiki.wien.gv.at/?curid=15945,Westbahnstraße 32-34,Apotheke
13609,POINT (16.347218792297234 48.204288403774456),,,,Verkehrsfläche,,,topografische_objekte,Burggasse,https://www.geschichtewiki.wien.gv.at/?curid=13610,Burggasse 70,Verkehrsfläche
13638,POINT (16.34801275803221 48.19947409562087),,,,Verkehrsfläche,,1803.0,TopografischeObjekte,Andlergasse,https://www.geschichtewiki.wien.gv.at/?curid=23092,Richtergasse 8,Verkehrsfläche
13645,POINT (16.347226635391017 48.19861193973654),,,,Verkehrsfläche,,,TopografischeObjekte,Andreasgasse,https://www.geschichtewiki.wien.gv.at/?curid=23101,Andreasgasse 8,Verkehrsfläche
13734,POINT (16.341546623295446 48.20675283287283),,,,Verkehrsfläche,,1862.0,TopografischeObjekte,Bernardgasse,https://www.geschichtewiki.wien.gv.at/?curid=9780,Bernardgasse 22,Verkehrsfläche
13800,POINT (16.3392024778445 48.196226254931624),,,,Park,,,TopografischeObjekte,Ohrfandlpark,https://www.geschichtewiki.wien.gv.at/?curid=24720,U-Bahn Station Westbahnhof U Stand 1,Grünfläche
13833,POINT (16.352131015342053 48.20402304114645),,,,,1945.0,1942.0,organisationen,Lager Burggasse 37,https://www.geschichtewiki.wien.gv.at/?curid=60552,Burggasse 37(SCHULE),NS-Institution
13834,POINT (16.3472490159 48.20438404111671),,,,,1945.0,1942.0,organisationen,Lager Burggasse 70,https://www.geschichtewiki.wien.gv.at/?curid=60553,Burggasse 70,NS-Institution
13838,POINT (16.341422015625923 48.20400704089033),,,,,1945.0,1942.0,organisationen,Lager Halbgasse 11,https://www.geschichtewiki.wien.gv.at/?curid=60554,Halbgasse 11,NS-Institution
13841,POINT (16.34396201581381 48.20268804092471),,,,,1945.0,1942.0,organisationen,Lager Kandlgasse 11,https://www.geschichtewiki.wien.gv.at/?curid=60557,Kandlgasse 11,NS-Institution
13842,POINT (16.344271015279606 48.20268204076548),,,,,1945.0,1942.0,organisationen,Lager Kandlgasse 9,https://www.geschichtewiki.wien.gv.at/?curid=60556,Kandlgasse 9,NS-Institution
13847,POINT (16.346647015985358 48.19759204075968),,,,,1945.0,1942.0,organisationen,Lager Mariahilfer Straße 88A,https://www.geschichtewiki.wien.gv.at/?curid=60544,Mariahilfer Straße 88A/3,NS-Institution
13848,POINT (16.35420001547217 48.20595104122173),,,,,1945.0,1942.0,organisationen,Lager Mechitaristengasse 4,https://www.geschichtewiki.wien.gv.at/?curid=60558,Mechitaristengasse 4,NS-Institution
13874,POINT (16.356166016440866 48.206168041173214),,,,Sonstiges,,,TopografischeObjekte,Schlapfenpromenade,https://www.geschichtewiki.wien.gv.at/?curid=8396,Weghuberpark,Sonstiges Topografisches Obj
13897,POINT (16.349111016084453 48.20343204064015),,,,,1945.0,1942.0,organisationen,Lager Neubaugasse 64-66,https://www.geschichtewiki.wien.gv.at/?curid=60560,Neubaugasse 57,NS-Institution
13898,POINT (16.34198601557504 48.20045104120699),,,,,1945.0,1942.0,organisationen,Lager Seidengasse 28,https://www.geschichtewiki.wien.gv.at/?curid=60561,Seidengasse 28,NS-Institution
13941,POINT (16.345002016170785 48.201796041184906),,,,Vorstadt,1850.0,1777.0,topografische_objekte,Schottenfeld (Vorstadt),https://www.geschichtewiki.wien.gv.at/?curid=12706,Zieglergasse 38,Vorstadt
13961,POINT (16.351952940438633 48.204884430666844),,,,Sonstiges,,,topografische_objekte,Zeismannsbrunn,https://www.geschichtewiki.wien.gv.at/?curid=7494,Zeismannsbrunngasse 4,Ort
14021,POINT (16.3521433043392 48.20271307961458),,,,Park,,,TopografischeObjekte,Siebensternpark,https://www.geschichtewiki.wien.gv.at/?curid=17242,Kirchengasse 34,Grünfläche
14076,POINT (16.34017967158386 48.207630629352664),,,,Grünfläche,,,topografische_objekte,Josef-Strauß-Park,https://www.geschichtewiki.wien.gv.at/?curid=20926,Kaiserstraße 100,Grünfläche
14170,POINT (16.34626527806726 48.20471950740786),,,,Grünfläche,,1979.0,topografische_objekte,Karl-Farkas-Park,https://www.geschichtewiki.wien.gv.at/?curid=25827,Burggasse 76/2,Grünfläche
14248,POINT (16.355206016093312 48.2033640412436),,,,Vorstadt,1850.0,,topografische_objekte,Spittelberg (Vorstadt),https://www.geschichtewiki.wien.gv.at/?curid=6562,Spittelberggasse 7 VOR 7(MARONISTAND),Vorstadt
14252,POINT (16.352542015515514 48.205221040942796),,,,Vorstadt,1850.0,1202.0,topografische_objekte,St. Ulrich (Vorstadt),https://www.geschichtewiki.wien.gv.at/?curid=21407,Neustiftgasse 31,Vorstadt
14300,POINT (16.357373015326196 48.20464404044743),,,,,1945.0,1942.0,organisationen,Lager Messepalast,https://www.geschichtewiki.wien.gv.at/?curid=60570,Museumsplatz 1(HOF E7/1),NS-Institution
14336,POINT (16.35135301549729 48.205422041200336),,,,Sonstiges,1862.0,,TopografischeObjekte,Strohplatzel (7),https://www.geschichtewiki.wien.gv.at/?curid=21022,Neustiftgasse 30,Sonstiges Topografisches Obj
14476,POINT (16.344867015658597 48.20725104098242),,,,Ort,,,TopografischeObjekte,Lerchenfeld,https://www.geschichtewiki.wien.gv.at/?curid=14351,Lerchenfelder Straße 81,Ort
14553,POINT (16.35555778334869 48.20620102567851),,,,Grünfläche,,1865.0,topografische_objekte,Weghuberpark,https://www.geschichtewiki.wien.gv.at/?curid=5740,Museumstraße 7,Grünfläche
14580,POINT (16.33853601560609 48.20542404082241),,,,,1945.0,1938.0,organisationen,NSDAP-Ortsgruppe Lerchenfeld,https://www.geschichtewiki.wien.gv.at/?curid=59092,Wimbergergasse 30,NS-Institution
14621,POINT (16.35279101546011 48.19936604057346),,,,Vorstadt,1850.0,1428.0,topografische_objekte,Mariahilf (Vorstadt),https://www.geschichtewiki.wien.gv.at/?curid=25214,Mariahilfer Straße 52,Vorstadt
14622,POINT (16.344868979027645 48.199429894292514),,,,Park,,2013.0,TopografischeObjekte,Marianne-Fritz-Park,https://www.geschichtewiki.wien.gv.at/?curid=33493,Lindengasse 60,Grünfläche
14670,POINT (16.355647793014835 48.203729941986616),,,,Grünfläche,,1992.0,topografische_objekte,Gutenbergpark,https://www.geschichtewiki.wien.gv.at/?curid=29191,Gutenberggasse 21,Grünfläche
14849,POINT (16.345804871697446 48.2024336485712),,,,Bezirk,,1850.0,topografische_objekte,Neubau,https://www.geschichtewiki.wien.gv.at/?curid=16996,Bandgasse 21,Bezirk
14870,POINT (16.357019085485245 48.200754830695104),,,,,1945.0,,organisationen,Café Goethe,https://www.geschichtewiki.wien.gv.at/?curid=56291,Mariahilfer Straße 22-24/2,Kaffeehaus
14909,POINT (16.349019016143558 48.20312504108206),,,,Vorstadt,1850.0,1540.0,topografische_objekte,Neubau (Vorstadt),https://www.geschichtewiki.wien.gv.at/?curid=16984,Neubaugasse 62,Vorstadt
14910,POINT (16.345804871697446 48.2024336485712),,,,Grünfläche,1928.0,1904.0,topografische_objekte,Neubauer Kinderpark,https://www.geschichtewiki.wien.gv.at/?curid=17013,Bandgasse 21,Grünfläche
14926,POINT (16.347501015979635 48.20555004115885),,,,Vorstadt,1850.0,1315.0,topografische_objekte,Neustift (Vorstadt),https://www.geschichtewiki.wien.gv.at/?curid=18490,Neustiftgasse 60,Vorstadt
15107,POINT (16.34969601530477 48.19931804131509),,,,,,,organisationen,Ala Film A.G.,https://www.geschichtewiki.wien.gv.at/?curid=69069,Neubaugasse 12-14,Filmindustrie
15109,POINT (16.346628015139814 48.199467041193884),,,,,,,organisationen,Apollo Film Aktiengesellschaft,https://www.geschichtewiki.wien.gv.at/?curid=69060,Lindengasse 53,Filmindustrie
15110,POINT (16.349767015149624 48.198546041074394),,,,,,,organisationen,Fiag-Filmindustrie A.G.,https://www.geschichtewiki.wien.gv.at/?curid=69070,Neubaugasse 1,Filmindustrie
15112,POINT (16.35069601617131 48.199738040586155),,,,,,,organisationen,Mondial Internationale Filmindustrie A.G.,https://www.geschichtewiki.wien.gv.at/?curid=69059,Zollergasse 15,Filmindustrie
15113,POINT (16.349115016140395 48.20343904051675),,,,,,,organisationen,Pan-Film A.G.,https://www.geschichtewiki.wien.gv.at/?curid=69068,Neubaugasse 57,Filmindustrie
15114,POINT (16.348929015764988 48.200871041102204),,,,,,,organisationen,Phönix Film-Aktiengesellschaftt,https://www.geschichtewiki.wien.gv.at/?curid=69071,Neubaugasse 25/1,Filmindustrie
15116,POINT (16.348871016076234 48.20257804086438),,,,,,,organisationen,Österreichische Kulturfilm A.G.,https://www.geschichtewiki.wien.gv.at/?curid=69072,Neubaugasse 45,Filmindustrie
15131,POINT (16.345804871697446 48.2024336485712),,,,Katastralgemeinde,,,topografische_objekte,Neubau (Katastralgemeinde),https://www.geschichtewiki.wien.gv.at/?curid=67623,Bandgasse 21,Katastralgemeinde
15158,POINT (16.34919202228352 48.20179884134287),,,,,,1887.0,organisationen,MS Neubaugasse 42,https://www.geschichtewiki.wien.gv.at/?curid=68487,Neubaugasse 42(SCHULE),Schule
15160,POINT (16.354192185866353 48.2042151845777),,,,,,2009.0,organisationen,PTS Burggasse 14-16,https://www.geschichtewiki.wien.gv.at/?curid=68822,Burggasse 14-16,Schule
15162,POINT (16.353442015315625 48.20424704066904),,,,,1884.0,1866.0,organisationen,VS Burggasse 20,https://www.geschichtewiki.wien.gv.at/?curid=70070,Burggasse 20/2,Schule
15163,POINT (16.341158015716267 48.20285504098191),,,,,1956.0,1877.0,organisationen,VS Kandlgasse 30,https://www.geschichtewiki.wien.gv.at/?curid=70121,Kandlgasse 30,Schule
15167,POINT (16.348976016331857 48.20083404130371),,,,,1891.0,1864.0,organisationen,VS Neubaugasse 25,https://www.geschichtewiki.wien.gv.at/?curid=70072,Neubaugasse 25/1,Schule
15168,POINT (16.341664446696182 48.20601124790739),,,,,,1887.0,organisationen,VS Neustiftgasse 98-102,https://www.geschichtewiki.wien.gv.at/?curid=68554,Neustiftgasse 98(SCHULE),Schule
15172,POINT (16.353988643842783 48.203850541037326),,,,,,,organisationen,VS Stiftgasse 35,https://www.geschichtewiki.wien.gv.at/?curid=68787,Stiftgasse 35(SCHULE),Schule
15175,POINT (16.34478832568073 48.19978297473945),,,,,,,organisationen,VS Zieglergasse 21,https://www.geschichtewiki.wien.gv.at/?curid=68819,Zieglergasse 21-23(SCHULE),Schule
15176,POINT (16.35017001636822 48.20179904084544),,,,,1957.0,1883.0,organisationen,VS Zollergasse 41,https://www.geschichtewiki.wien.gv.at/?curid=70112,Zollergasse 41(SCHULE),Schule
15378,POINT (16.33888602578309 48.20732831553085),,,,,,1925.0,bauwerke,Wohnhaus Bernardgasse,https://www.geschichtewiki.wien.gv.at/?curid=62738,Bernardgasse 38/1,Gebäude
15380,POINT (16.338929543731112 48.20597555396534),,,,,,1925.0,bauwerke,Wohnhaus Neustiftgasse,https://www.geschichtewiki.wien.gv.at/?curid=62739,Neustiftgasse 143/1,Gebäude
15389,POINT (16.34043006512766 48.201309821420296),,,,,1930.0,1918.0,organisationen,Verlag der Wiener Graphischen Werkstätte,https://www.geschichtewiki.wien.gv.at/?curid=69264,Kaiserstraße 45/1,Verlag
15393,POINT (16.35617105430219 48.20527317944676),,,,,1979.0,1909.0,organisationen,Atelier Setzer-Tschiedel,https://www.geschichtewiki.wien.gv.at/?curid=70573,Neustiftgasse 3,Firma
15399,POINT (16.36021437700146 48.20173788535905),,,,,,1913.0,organisationen,Non Stop Kino,https://www.geschichtewiki.wien.gv.at/?curid=66803,Museumsplatz 1(HOF E3/10),Kino
15403,POINT (16.346641016128554 48.197636040718315),,,,,,,organisationen,Micco Film A.G.,https://www.geschichtewiki.wien.gv.at/?curid=69077,Mariahilfer Straße 88A/3,Filmindustrie
15466,POINT (16.35467257122109 48.20188082583321),,,,,,,organisationen,Verlagsbuchhandlung Wilhelm Müller,https://www.geschichtewiki.wien.gv.at/?curid=71633,Stiftgasse 15-17,Verlag
15520,POINT (16.348903015376727 48.201523040647764),,,,,,,organisationen,Alfa Film-Gesellschaft m.b.H.,https://www.geschichtewiki.wien.gv.at/?curid=69030,Neubaugasse 33/1,Filmindustrie
15521,POINT (16.354072016072696 48.20651104048862),,,,,,,organisationen,Artistic-Film Rakosi & Co. Gesellschaft m.b.H.,https://www.geschichtewiki.wien.gv.at/?curid=69032,Mechitaristengasse 8,Filmindustrie
15523,POINT (16.350099015825972 48.19857404122675),,,,,,,organisationen,Howo Film- und Kinematografen-Vertriebsgesellschaft m.b.H.,https://www.geschichtewiki.wien.gv.at/?curid=69027,Neubaugasse 2,Filmindustrie
15524,POINT (16.3489660159104 48.20086704128491),,,,,,,organisationen,Karol Filmvertrieb-Gesellschaft m.b.H.,https://www.geschichtewiki.wien.gv.at/?curid=69017,Neubaugasse 25/1,Filmindustrie
15525,POINT (16.346666015990625 48.19761604106948),,,,,,,organisationen,Kiko-Film Gesellschaft m.b.H.,https://www.geschichtewiki.wien.gv.at/?curid=69015,Mariahilfer Straße 88A/3,Filmindustrie
15526,POINT (16.34910101641726 48.2034430404858),,,,,,,organisationen,Pan-Film-Gesellschaft m.b.H.,https://www.geschichtewiki.wien.gv.at/?curid=69031,Neubaugasse 57,Filmindustrie
15527,POINT (16.34911001562111 48.20374804117331),,,,,,,organisationen,Patria Filmverleih- und Vertriebsgesellschaft m.b.H.,https://www.geschichtewiki.wien.gv.at/?curid=69026,Neubaugasse 68,Filmindustrie
15528,POINT (16.350108016214985 48.198568040745805),,,,,,,organisationen,Raf Film-Monopol-Vertriebs- und Verleihgesellschaft m.b.H.,https://www.geschichtewiki.wien.gv.at/?curid=69022,Neubaugasse 2,Filmindustrie
15550,POINT (16.35151901637936 48.20201604121907),,,,,,,organisationen,Vereinigte österreichische Film-Leihanstalten Gesellschaft m.b.H.,https://www.geschichtewiki.wien.gv.at/?curid=69034,Siebensterngasse 31,Filmindustrie
15551,POINT (16.349208015192833 48.2015250406305),,,,,,,organisationen,Wiener Lichtbilderei Gesellschaft m.b.H.,https://www.geschichtewiki.wien.gv.at/?curid=69021,Neubaugasse 38,Filmindustrie
15567,POINT (16.34891301576601 48.20135404054592),,,,,,,organisationen,"Reich & Co., Gesellschaft für Kinoindustrie Filmverleih- und Vertrieb m.b.H.",https://www.geschichtewiki.wien.gv.at/?curid=69035,Neubaugasse 31,Filmindustrie
15568,POINT (16.349213015849102 48.20154204086443),,,,,,,organisationen,Star Filmfabriks- und Filmvertriebs-Aktiengesellschaft Zweigniederlassung Wien,https://www.geschichtewiki.wien.gv.at/?curid=69125,Neubaugasse 38,Filmindustrie
15594,POINT (16.3489660159104 48.20086704128491),,,,,,,organisationen,Friese & Kennedy Filmverleih- und Vertriebsgesellschaft m.b.H.,https://www.geschichtewiki.wien.gv.at/?curid=68976,Neubaugasse 25/1,Filmindustrie
15595,POINT (16.349773016382183 48.19852704125394),,,,,,,organisationen,Nordisk Films Co. Gesellschaft m.b.H.,https://www.geschichtewiki.wien.gv.at/?curid=68994,Neubaugasse 1,Filmindustrie
15596,POINT (16.351695015267325 48.19915504112546),,,,,,,organisationen,Primax Kino-Maschinenfabrik und Filmgesellschaft m.b.H.,https://www.geschichtewiki.wien.gv.at/?curid=68999,Mariahilfer Straße 58,Filmindustrie
